inst_39589,machine_1
inst_41056,machine_1
inst_83444,machine_2
inst_87266,machine_1
inst_60773,machine_2
inst_54364,machine_2
inst_22452,machine_1
inst_29172,machine_1
inst_6074,machine_1
inst_39784,machine_1
inst_31241,machine_2
inst_76564,machine_5
inst_33721,machine_2
inst_50010,machine_2
inst_96006,machine_5
inst_14829,machine_5
inst_66339,machine_2
inst_10276,machine_5
inst_79497,machine_6
inst_51484,machine_6
inst_57295,machine_5
inst_67682,machine_5
inst_51462,machine_7
inst_77071,machine_8
inst_85629,machine_7
inst_15914,machine_6
inst_87260,machine_8
inst_44146,machine_7
inst_25491,machine_10
inst_46318,machine_7
inst_41139,machine_10
inst_5582,machine_10
inst_10502,machine_7
inst_93773,machine_7
inst_48035,machine_7
inst_3722,machine_13
inst_78803,machine_8
inst_94158,machine_8
inst_65902,machine_8
inst_39989,machine_17
inst_39143,machine_19
inst_68188,machine_8
inst_1478,machine_8
inst_22158,machine_13
inst_66582,machine_17
inst_24849,machine_17
inst_44496,machine_10
inst_60587,machine_10
inst_63581,machine_17
inst_53832,machine_17
inst_83229,machine_17
inst_16899,machine_17
inst_89352,machine_17
inst_35027,machine_19
inst_41295,machine_17
inst_33942,machine_13
inst_932,machine_19
inst_33284,machine_20
inst_3130,machine_20
inst_58474,machine_20
inst_42119,machine_20
inst_79460,machine_20
inst_25676,machine_20
inst_29530,machine_20
inst_4634,machine_22
inst_98063,machine_20
inst_54518,machine_20
inst_98323,machine_22
inst_44016,machine_22
inst_7429,machine_20
inst_57247,machine_22
inst_22235,machine_24
inst_11683,machine_24
inst_64245,machine_22
inst_23713,machine_24
inst_57569,machine_25
inst_95649,machine_22
inst_51613,machine_25
inst_8290,machine_22
inst_26944,machine_24
inst_73835,machine_22
inst_32602,machine_24
inst_34455,machine_25
inst_93106,machine_30
inst_62190,machine_31
inst_76159,machine_24
inst_4014,machine_2
inst_95947,machine_33
inst_13480,machine_25
inst_41734,machine_24
inst_91926,machine_24
inst_15192,machine_36
inst_50056,machine_37
inst_13227,machine_25
inst_55688,machine_30
inst_32917,machine_25
inst_8786,machine_25
inst_4628,machine_39
inst_23689,machine_25
inst_49887,machine_40
inst_91234,machine_25
inst_91203,machine_44
inst_37804,machine_30
inst_96491,machine_30
inst_60036,machine_47
inst_22780,machine_30
inst_69393,machine_31
inst_98657,machine_49
inst_3717,machine_31
inst_15393,machine_30
inst_62289,machine_33
inst_34657,machine_30
inst_13003,machine_31
inst_87348,machine_31
inst_38729,machine_33
inst_69960,machine_36
inst_10182,machine_36
inst_29435,machine_36
inst_10062,machine_36
inst_78622,machine_37
inst_6404,machine_36
inst_41915,machine_37
inst_91529,machine_36
inst_21728,machine_52
inst_22225,machine_53
inst_75447,machine_37
inst_15039,machine_37